Feature,Coefficient
thal,0.1007070701723109
ca,0.09428192559012259
thalach,-0.022366390308291528
exang,0.01964666040167254
oldpeak,0.016491456447643153
